TTR,MSTTR,MTLD,LexicalDensity,AvgLogFreq,articles_rate,prepositions_rate,pronouns_rate,auxiliaries_rate,mean_sent_len,subordination_index,avg_dep_depth,error_rate_per_1k,comma_rate,semicolon_rate,uppercase_ratio,connective_rate,lexical_overlap
0.34655382236746374,0.7784767539316796,1.0,0.4437708385659193,5.774376065773838,0.07874629938285256,0.1055932344907831,0.02632742860195847,0.045107122232332916,21.442818070733587,0.35300225928820517,2.9313517554089246,32.44206866864093,0.00845729707811481,0.003916099719562267,0.017532792993814477,0.12454864083079757,5.202370524617065
