TTR,MSTTR,MTLD,LexicalDensity,AvgLogFreq,articles_rate,prepositions_rate,pronouns_rate,auxiliaries_rate,mean_sent_len,subordination_index,avg_dep_depth,error_rate_per_1k,comma_rate,semicolon_rate,uppercase_ratio,connective_rate,lexical_overlap
0.39919832670500566,0.774671445977941,1.0,0.43970134165983693,6.046316306504442,0.05627697364946328,0.09619546048592328,0.06683072194807758,0.062088692609934076,22.082685475917415,0.6630474777814406,2.8387553157249017,22.005858642485858,0.005538109187472527,8.617234480553355e-05,0.014259338765177444,0.18871272096134836,5.363080716643787
