TTR,MSTTR,MTLD,LexicalDensity,AvgLogFreq,articles_rate,prepositions_rate,pronouns_rate,auxiliaries_rate,mean_sent_len,subordination_index,avg_dep_depth,error_rate_per_1k,comma_rate,semicolon_rate,uppercase_ratio,connective_rate,lexical_overlap
0.46563501400671775,0.7873230706035766,1.0,0.4177784957339428,5.863442491422346,0.07595004330555767,0.09125007188301645,0.05136063430992958,0.0618524570263245,20.482493087824828,0.5220708827664327,2.809127161304735,45.28486410346513,0.005714387443164049,7.898027291308295e-05,0.01863620903042959,0.12192315208645234,4.511417291175532
