TTR,MSTTR,MTLD,LexicalDensity,AvgLogFreq,articles_rate,prepositions_rate,pronouns_rate,auxiliaries_rate,mean_sent_len,subordination_index,avg_dep_depth,error_rate_per_1k,comma_rate,semicolon_rate,uppercase_ratio,connective_rate,lexical_overlap
0.46489929516518824,0.7755650521012794,1.0,0.452610977748103,5.942356770934165,0.06647544238284488,0.1034532381824777,0.05711946983645811,0.0588528478764244,22.484106789619112,0.5854475329380079,2.841001366514962,61.76525465345206,0.007233099325046234,9.251318263688198e-05,0.013095222561226891,0.15133595767981517,4.947090723314916
